t;max_slip_rate;moment_rate
0;-2;5.41445189545869e+16
2.75290596933583;-1.21991581288398;1.88143173341189e+17
4.14266986779145;-0.261594341091295;1.26782153736112e+18
4.53699849954151;0.0882377260233577;2.89216130222166e+18
4.76767445190194;0.179151736972746;4.5851783702403e+18
4.9873801291553;0.169836932617213;5.70711803165681e+18
5.21288402987488;0.146931215025557;6.22657919114725e+18
5.45239842829069;0.10836279622519;6.28856998230642e+18
5.71815584936622;0.0593735339908634;6.08507474120287e+18
5.99956377975508;0.0449409019261515;5.82577770166935e+18
6.28986890825026;0.0331154011309702;5.58951803837226e+18
6.58844947401121;0.021653651937785;5.34654191803545e+18
6.8952149944288;0.00904533957570122;5.1146735775376e+18
7.21020731237747;-0.00580147551116796;4.90453621175198e+18
7.53296554631792;-0.0190911031381303;4.7166179033315e+18
7.86281226116905;-0.0268126383304642;4.57597820829204e+18
8.19826470711623;-0.0300450427408283;4.47805142438147e+18
8.53853328912094;-0.035273921651688;4.42219669117873e+18
8.88323296844904;-0.0409326707668824;4.40153980745871e+18
9.2314899213424;-0.0457434359759188;4.40670795877424e+18
9.58239275141098;-0.048951072223637;4.43257012372263e+18
9.93497649042743;-0.0504470396842177;4.47952172484362e+18
10.2884272035517;-0.0507630429097836;4.55187884185707e+18
10.641922016781;-0.050755033511997;4.64836956588611e+18
10.9948143887179;-0.0494633876229154;4.7633598469854e+18
11.3465004242221;-0.0466759033476474;4.89331142859049e+18
11.6964339709822;-0.0448630129575233;5.03878906578993e+18
12.0440274567524;-0.0417564372769303;5.20168866744865e+18
12.3891532250271;-0.0374122710359997;5.38065798669859e+18
12.7312497621132;-0.0338131032582434;5.57161224197287e+18
13.0700857559222;-0.0291746708772573;5.77103266163051e+18
13.4054949524442;-0.024745588545542;5.98148112660373e+18
13.737501181957;-0.0201347408225127;6.20502381972334e+18
14.0658476329766;-0.0153305792789924;6.43982354450409e+18
14.3907561939399;-0.0108162470247641;6.6812200872843e+18
14.7120175492776;-0.0057606414494352;6.9296550436297e+18
15.0298463585213;-0.000860441799009617;7.18795726895251e+18
15.3440628682033;0.00382302593663136;7.45761440555798e+18
15.6549323663574;0.00894128475854089;7.73616773831129e+18
15.962276978039;0.0133136815131181;8.02085440630038e+18
16.2664304205474;0.0185217875437484;8.31052613968687e+18
16.5671900402388;0.0226367132643075;8.60972757472646e+18
16.8648816932089;0.0279069091581376;8.91965070009976e+18
17.1593642955297;0.0317353881021202;9.23878492334115e+18
17.450881584468;0.0371235227587841;9.56219074878681e+18
17.7392885003858;0.0409700193371432;9.89177355267141e+18
18.0248828973342;0.0460720587012127;1.02306248465852e+19
18.3074862385881;0.0499424912426299;1.05757082464088e+19
18.5874116984771;0.0546897005029049;1.08741658176099e+19
18.8644962561884;0.05847232942447;1.11090481424028e+19
19.1391803058109;0.0628152424494329;1.12850281493128e+19
19.411254974371;0.0662224297652469;1.13932792242327e+19
19.6812620111902;0.070168915836934;1.14395961383609e+19
19.949030758449;0.0727120995923912;1.14578691396803e+19
20.2150223527025;0.0764616498560939;1.14646979685584e+19
20.4790030645242;0.0787384617539594;1.14652133962956e+19
20.7414503082691;0.0814780558201156;1.14557486412353e+19
21.0022114888079;0.0840957520904585;1.14309162466482e+19
21.2616746032362;0.0862832037530674;1.13985781953886e+19
21.5198604133943;0.0883178392410887;1.13677946558313e+19
21.7768803029196;0.0904659971613827;1.1341671753036e+19
22.0329066909942;0.0922831702139788;1.13219928630176e+19
22.2879399270934;0.0937076631753733;1.13075572486365e+19
22.5419994380216;0.0954176274590309;1.12982931757597e+19
22.7952402880057;0.096902226401821;1.12937443790958e+19
23.0476810744923;0.0978009235079706;1.1293285137816e+19
23.2993642408662;0.0991921260773678;1.12970628686638e+19
23.5504045481389;0.100845983706887;1.13026034795589e+19
23.8008264715661;0.100901553928145;1.13099439954596e+19
24.0506639720227;0.103007833740923;1.13160764767824e+19
24.2998040203313;0.10245775883066;1.13228331423399e+19
24.5482753630679;0.105054747313007;1.13293121459396e+19
24.7962021578331;0.105570382760964;1.13371250958329e+19
25.0435623206036;0.106349590529338;1.13467791484814e+19
25.2904531751762;0.106996331739475;1.13566087544388e+19
25.5368471139178;0.108626517109973;1.13675639928747e+19
25.7828711343805;0.108939325303661;1.13779132010776e+19
26.0284225636384;0.108972505242934;1.13889645097317e+19
26.2735848767138;0.110402523870367;1.1402102442709e+19
26.5183863336878;0.111401167951552;1.14158720642572e+19
26.7628378086674;0.110975434694216;1.14308527368364e+19
27.0068656426605;0.112248396558397;1.14459081257783e+19
27.2506094366069;0.11339308407114;1.14604465902682e+19
27.4939779805158;0.113717870859835;1.14768346789655e+19
27.7369663251082;0.114582217873511;1.14948195429466e+19
27.9797090329979;0.115172806009713;1.15006606512404e+19
28.2223220200001;0.114434013296135;1.14249149419195e+19
28.4661122607581;0.109461937304655;1.12517240456855e+19
28.7125954810014;0.101986245220406;1.09307216381244e+19
28.9632527549996;0.0969795238183372;1.04920986612947e+19
29.2192618886685;0.0831604144540056;9.94506259977988e+18
29.4828542717176;0.0669736543940103;9.30663852440491e+18
29.7565378201642;0.0507397248063668;8.62072230195995e+18
30.0447205090615;0.0277940982538119;7.87270586446376e+18
30.3531434396233;-0.0146824587805323;7.06328447356496e+18
30.691214850714;-0.0582294555658351;6.1944495477158e+18
31.0814040353161;-0.144560658860797;5.24613523120166e+18
31.5752592665588;-0.284872705813881;4.16394520643313e+18
32.3706433474927;-0.59485800672958;2.75846933342556e+18
34.0004431007116;-1.11036313118486;1.10343070207556e+18
40.1669032024002;-1.79632573386282;1.48496632644287e+17
81.151011297978;-2.64851744112349;1.65055264409294e+16
417.224990531273;-3.54934487581918;2.02772414601367e+15
2764.99801101684;-4.29470353456337;359811747190604
13854.9753814887;-4.93068344652026;97960326583814
56600.4305678579;-5.49290566556961;34392469709906.2
197974.395439107;-5.95451978170775;14077783585435.5
613491.683734833;-6.40801487657054;6621308153800.07
1722963.82471183;-6.80234127576895;3539790162326.43
4529312.76952474;-7.19738737395027;2116789495763.53
11884061.0966104;-7.59635072236852;1373364435487.61
35977685.1589364;-8.05981465228876;911475570802.064
101074609.11463;-8.42302075133205;622840474671.183
210515600.146656;-8.65238682823343;437250512627.652
365828190.093338;-8.8073802483974;327165987447.141
563122879.790494;-8.90936541811651;268316940363.949
792388247.916203;-8.97294631688105;237615960226.908
1038418987.28384;-9.00045310518568;222219088231.073
1296299540.3919;-9.00088815943913;214905406831.637
1554920839.32734;-9.00110450273645;212164378950.566
1806223424.63944;-9.0012048204584;211985955729.983
2045295193.38959;-9.00124285076583;213286611316.455
2272378126.78778;-9.00124706303833;215355034388.732
2490401677.49479;-9.00123150803218;217966049472.314
2699826073.02961;-9.00120388346183;220921105546.056
2901309320.26674;-9.00116836721518;224114177121.666
3093321737.0853;-9.0011278255491;227494049882.485
3276172227.36018;-9.0010840612821;231010217514.916
3450742107.7906;-9.0010378347631;234640204040.245
3617293053.43837;-9.00098964372783;238383228528.682
3774891368.20012;-9.00094029603408;242248760229.596
3922941824.88157;-9.0008900639461;246291511646.287
4061077425.10936;-9.00083890188693;250457111056.265
4190362570.43949;-8.97998209492303;254475498645.775
4312268888.91872;-8.9519119486471;258151729419.258
4426180248.66796;-8.90137543908601;261912078526.228
4527212958.37731;-8.81872685417276;267133578756.63
4610714916.727;-8.72978281377902;275066522111.24
4678219569.37325;-8.59489242042102;288794902835.986
4723733015.55803;-8.35869713191301;314579714456.738
4748845530.51434;-7.950806702136;361305222240.395
4759492609.12092;-7.40135905937248;443687613583.84
4762718279.16485;-7.04974142103029;541548453286.581
4764201784.42319;-6.79004581766425;663910046138.899
4765044803.86963;-6.5831492872716;828253170267.071
4765563606.43616;-6.39562730752421;1062418550939.05
4765897480.91508;-6.20815458721314;1418525388128.82
4766110820.37555;-6.02229640884186;1993703315891.78
4766245937.55143;-5.81682666359309;2984108010268.32
4766328645.99716;-5.59625763109713;4800623475019.87
4766377171.78273;-5.35225154830726;8424654547762.03
4766403719.51523;-5.07043501721446;16370400599094.5
4766417069.31297;-4.75107027948643;36239837129474.9
4766423048.61961;-4.36131647874365;96758507600909.7
4766425207.39508;-3.90554290371864;314660071347331
4766425869.14588;-3.31598954051489;1.46367482543517e+15
4766426013.85784;-2.46949294950406;1.06823525750904e+16
4766426036.4472;-1.69827723061267;7.84293425379084e+16
4766426041.48481;-1.18563292446553;2.48480139144588e+17
4766426044.08341;-0.940583177520592;4.34853432609828e+17
4766426045.85571;-0.795037132788603;6.30362197409669e+17
4766426047.1747;-0.690920935448498;8.28303166476977e+17
4766426048.26741;-0.609101379007914;1.02812368986205e+18
4766426049.20649;-0.543441013453878;1.22302326375772e+18
4766426050.03302;-0.492378493752691;1.41547870446325e+18
4766426050.7676;-0.446326391402784;1.60739149931822e+18
4766426051.43786;-0.409631918615094;1.80266855684576e+18
4766426052.05156;-0.377792716922017;2.0002533411063e+18
4766426052.63361;-0.346104627557042;2.20559689136716e+18
4766426053.1793;-0.320118229336988;2.41871433454642e+18
4766426053.70076;-0.296661736274898;2.64339038211769e+18
4766426054.19621;-0.274286044957854;2.84444273634136e+18
4766426054.67437;-0.254536394163272;3.01607715519673e+18
4766426055.12771;-0.238271493140996;3.15598293905076e+18
4766426055.56557;-0.224504040606013;3.26738745895855e+18
4766426055.98656;-0.21146875346911;3.3643385130092e+18
4766426056.39566;-0.201308900645385;3.45615508847077e+18
4766426056.79177;-0.191833205900157;3.54687691918392e+18
4766426057.18196;-0.17929012250105;3.64315768050504e+18
4766426057.55589;-0.163019764337972;3.74118857486688e+18
4766426057.92494;-0.149214375689998;3.84285551036086e+18
4766426058.2882;-0.137314013543236;3.95302644622561e+18
4766426058.64582;-0.126160774016472;4.07504074360504e+18
4766426058.98693;-0.109926183088151;4.20301702575521e+18
4766426059.32879;-0.0938631727932133;4.33922917154079e+18
4766426059.66345;-0.0800037606304233;4.48385239174948e+18
4766426059.99405;-0.067385935536837;4.64138930065555e+18
4766426060.31524;-0.0560487603803708;4.80644599729268e+18
4766426060.63327;-0.0453700196548727;4.9784083920302e+18
4766426060.9463;-0.0352992607245011;5.15978833366914e+18
4766426061.25679;-0.0255193496491611;5.35451203260285e+18
4766426061.55848;-0.0162684447112419;5.55543533086324e+18
4766426061.85445;-0.00535812401282064;5.76102423436903e+18
4766426062.14781;0.00554513344206356;5.97909898060675e+18
4766426062.43634;0.0159041152598258;6.20856777855674e+18
4766426062.71973;0.0257956705703951;6.44334174966716e+18
4766426062.99867;0.0353165703826679;6.68533839766528e+18
4766426063.27416;0.0445476645313908;6.94134530275782e+18
4766426063.54715;0.0535321612880344;7.20820578808321e+18
4766426063.81638;0.0622703211381178;7.48032746431119e+18
4766426064.08142;0.0707694161312572;7.76435092300545e+18
4766426064.34251;0.0790031623653387;8.06173905186967e+18
4766426064.59894;0.086946313002041;8.36381409487026e+18
4766426064.85218;0.0943518718221738;8.67644708007095e+18
4766426065.10073;0.103265270303668;9.00324451005578e+18
4766426065.34414;0.113476926015086;9.30807446337367e+18
4766426065.58235;0.12428416379587;9.5752080479846e+18
4766426065.81537;0.135154486083007;9.81911235378359e+18
4766426066.04314;0.146129052604005;1.00252858303771e+19
4766426066.26562;0.157243205984837;1.02013750369256e+19
4766426066.48272;0.168479379299858;1.03510373307225e+19
4766426066.69434;0.179796111464523;1.0483576382799e+19
4766426066.90036;0.191165032819198;1.06185005173226e+19
4766426067.10052;0.202417645064575;1.0762515120423e+19
4766426067.29458;0.216842760541511;1.09211166176342e+19
4766426067.48159;0.236845413641089;1.10936242399522e+19
4766426067.6608;0.25794152796516;1.12687587305443e+19
4766426067.8315;0.279128624197012;1.14355784737433e+19
4766426067.99322;0.303455620739483;1.15838175837011e+19
4766426068.14833;0.313302910002278;1.1706102757641e+19
4766426068.30072;0.316109775388566;1.17959065028219e+19
4766426068.45959;0.2893351875328;1.18508618619729e+19
4766426068.63352;0.247304438118659;1.18797845962047e+19
4766426068.82176;0.221000503141444;1.18982647695212e+19
4766426069.01866;0.193049809183902;1.19151340343261e+19
4766426069.22191;0.190154655971623;1.193069271138e+19
4766426069.43095;0.176084070601146;1.1946048685765e+19
4766426069.64325;0.169948805523849;1.19590102112885e+19
4766426069.85999;0.164500968321722;1.19710195931716e+19
4766426070.07876;0.154882157844901;1.19818655147819e+19
4766426070.30079;0.15532049365351;1.19904070317287e+19
4766426070.52468;0.143685054840775;1.19985133660606e+19
4766426070.75065;0.147580522745206;1.20034778938771e+19
4766426070.97839;0.136343967469124;1.20072497916766e+19
4766426071.20763;0.141098831744535;1.2007063320381e+19
4766426071.43842;0.131898863395266;1.20050430407957e+19
4766426071.67038;0.135415908885248;1.19992434576558e+19
4766426071.90366;0.128118354063015;1.19919606084698e+19
4766426072.13808;0.130718526142382;1.1981588825055e+19
4766426072.3734;0.125960947240794;1.19702602006103e+19
4766426072.60978;0.126430183764646;1.19563924150172e+19
4766426072.84684;0.123686970090341;1.19419872106415e+19
4766426073.08498;0.122689391339383;1.19254633088525e+19
4766426073.32365;0.121113778749202;1.19088495821623e+19
4766426073.56313;0.119388370775831;1.18905812919379e+19
4766426073.80321;0.118694098532061;1.18707872604711e+19
4766426074.0439;0.11794723077074;1.18061208522753e+19
4766426074.2852;0.116322312670615;1.16649082630248e+19
4766426074.52701;0.115475908140929;1.14233323539849e+19
4766426074.76974;0.11254906809312;1.10663033517007e+19
4766426075.01367;0.110322099548556;1.06335928320387e+19
4766426075.2599;0.105177232250307;1.01156990930324e+19
4766426075.50927;0.0975352355218406;9.54272405763414e+18
4766426075.76388;0.0891638696420035;8.93795118661654e+18
4766426076.02565;0.072719786273837;8.29537784831009e+18
4766426076.29623;0.0551370742335563;7.61768510321753e+18
4766426076.58117;0.0342148950597567;6.90678320472044e+18
4766426076.88262;-0.0025338090853176;6.17083717673064e+18
4766426077.21266;-0.0450907520463104;5.39791213043195e+18
4766426077.58678;-0.124523522308753;4.57673537736301e+18
4766426078.05422;-0.248847223459169;3.65313514259547e+18
4766426078.77087;-0.529448411777773;2.49843656567078e+18
4766426080.18114;-1.01648875330406;1.12299124051637e+18
4766426084.97898;-1.68914429644663;1.93610536181281e+17
4766426115.38665;-2.56473805187047;1.99104985774473e+16
4766426367.71;-3.44475318362767;2.50324996387945e+15
4766428432.75793;-4.34090390731364;354681163705018
4766444871.61588;-5.0900082751697;65032666690141.9
4766517083.54183;-5.70819341390109;20634535792880.8
4766775269.33776;-6.20566520277612;8168625105114.6
4767548001.06155;-6.6591493575526;3916563723675.54
4769631988.1882;-7.08385221929879;2187156407031.62
4775086970.66766;-7.47979423951365;1375162166082.63
4791601877.00456;-7.92488039939894;922127139589.3
4849480124.19404;-8.38192026723056;624111950326.601
4965704769.8749;-8.6528804528697;431331985764.4
5136364145.83337;-8.83044287326411;317905963407.95
5354557050.36407;-8.93006356938044;259542383755.392
5602579341.74793;-8.98628921313282;231271308414.391
5866802284.79822;-9.00071138378592;217582981308.577
6136180218.95163;-9.00106779933427;211717717191.225
6400407314.28715;-9.00123783015732;209876972870.018
6656320928.32386;-9.00131233770012;210250556795.201
6900465969.6315;-9.00133555420065;211901834324.748
7133650743.48901;-9.00133045993672;214217348880.227
7355034153.14251;-9.00130884762492;216997358750.835
7565898190.74495;-9.00127739749074;220045591490.906
7766838253.40477;-9.00123873828752;223272482026.717
7959740069.60258;-9.00119432906331;226701192518.122
8145300798.50687;-9.00114673172937;230285116325.805
8322438516.04676;-9.00109693732894;233981877414.003
8490284730.75123;-9.00104599103911;237770730774.039
8648310920.12394;-9.00099451777859;241641218722.171
8797730116.31441;-9.00094142622837;245747164538.288
8937569090.47205;-9.00088668418083;250074333233.21
9067677337.92993;-8.97871866149103;254227156976.996
9189144051.83773;-8.9510036612476;257792191746.302
9304208428.03312;-8.92596713453805;261079063109.171
9411500979.11776;-8.87944337840386;265539322001.737
9506827741.77511;-8.79013862124152;273888346659.002
9582723518.31976;-8.62534022389458;290663411497.738
9632296290.28054;-8.36817905255911;326254190405.617
9656105038.4532;-7.94296440703228;416747339945.174
9662986677.23202;-7.19280639263559;773148031019.709
9663859240.63413;-5.91588889809436;3785017544095.41
9663916925.66389;-4.7627205992911;45422835710203.9
9663921211.19695;-3.81601255466222;474023429214836
9663921664.15487;-2.88775663618368;4.20691856252532e+15
9663921719.54659;-2.00438965012525;3.54517979568241e+16
9663921728.28723;-1.36772968711084;1.60605320863589e+17
9663921731.60542;-1.02535706953098;3.46263794482945e+17
9663921733.6973;-0.841471334298813;5.62581964458896e+17
9663921735.21017;-0.713437327137224;8.32507539585322e+17
9663921736.38069;-0.615834314877025;1.14125493403672e+18
9663921737.35865;-0.537206969109515;1.4836683829751e+18
9663921738.18249;-0.475658561233728;1.84699716187431e+18
9663921738.90306;-0.425272577537366;2.23375462389874e+18
9663921739.56104;-0.381321205921695;2.65757280360274e+18
9663921740.15341;-0.343559550707218;3.10029501600659e+18
9663921740.68471;-0.313293592813845;3.51527641855589e+18
9663921741.18672;-0.285679416793765;3.91588726242234e+18
9663921741.65228;-0.262479231660803;4.28335831243013e+18
9663921742.09287;-0.241822119409167;4.62498483019002e+18
9663921742.51011;-0.224040823476578;4.96208673717804e+18
9663921742.91037;-0.207628386724247;5.30588838012379e+18
9663921743.29057;-0.192441630652773;5.6484456990565e+18
9663921743.66068;-0.179164947591989;5.99225116867298e+18
9663921744.02033;-0.166566925030713;6.34660029092213e+18
9663921744.36569;-0.15502145391173;6.71354081887552e+18
9663921744.70281;-0.143902153543659;7.08976161698754e+18
9663921745.03074;-0.132703714228936;7.46948336813371e+18
9663921745.34999;-0.123334611132857;7.85166334612884e+18
9663921745.66215;-0.111003357468805;8.16475898633195e+18
9663921745.96853;-0.0999376137196576;8.38661938161185e+18
9663921746.26911;-0.0878410333378225;8.53719303458608e+18
9663921746.56319;-0.0757473296517636;8.60349198493482e+18
9663921746.85049;-0.0646723608200003;8.59576368429119e+18
9663921747.13576;-0.0554431724112691;8.52798600055138e+18
9663921747.4167;-0.0455563351870594;8.44669138242368e+18
9663921747.69114;-0.0358663918195104;8.36158925323751e+18
9663921747.96432;-0.0281824959401759;8.27446461392734e+18
9663921748.23436;-0.0195410418262;8.1920833122643e+18
9663921748.50158;-0.011124655242775;8.11553972181533e+18
9663921748.76632;-0.0039025283278686;8.04149823947431e+18
9663921749.02722;0.00366839398847795;7.96818067888758e+18
9663921749.28656;0.0110120624486092;7.89955644199473e+18
9663921749.54423;0.0184135967959131;7.84248625066079e+18
9663921749.80117;0.0255467207722829;7.79969605401211e+18
9663921750.0542;0.0330241965862142;7.77091008955177e+18
9663921750.30572;0.0398810606318113;7.75432665445463e+18
9663921750.55515;0.0472443300514118;7.74981884105379e+18
9663921750.80362;0.0546593562005833;7.75807713027688e+18
9663921751.05076;0.0625974930876247;7.77979128258084e+18
9663921751.3012;0.0704569148380891;7.81562339545861e+18
9663921751.54979;0.0785929704711445;7.86450687339376e+18
9663921751.79595;0.0865999714907356;7.92624575476024e+18
9663921752.04063;0.0956163521963432;8.00077728972752e+18
9663921752.2836;0.104849423116714;8.08800013914569e+18
9663921752.52475;0.114619951173118;8.18855194284401e+18
9663921752.76278;0.125151449296373;8.30235461392858e+18
9663921752.99531;0.136527599683123;8.42905931789986e+18
9663921753.22163;0.148935329804918;8.56862993339922e+18
9663921753.44138;0.162632232499416;8.72168150505563e+18
9663921753.65411;0.177904770858601;8.88873108455658e+18
9663921753.85924;0.194996107566347;9.07213208644249e+18
9663921754.05604;0.21428172148832;9.27580491584791e+18
9663921754.24341;0.238410974926808;9.49290031415848e+18
9663921754.4201;0.266416150174373;9.71079014959877e+18
9663921754.58575;0.293952412465992;9.91846621391164e+18
9663921754.74191;0.311808911742661;1.01054825729705e+19
9663921754.89181;0.329669226990235;1.02628665998358e+19
9663921755.04083;0.3250907533158;1.03859283404077e+19
9663921755.20079;0.283842966865047;1.04772112218853e+19
9663921755.37722;0.235804703159137;1.0550163553439e+19
9663921755.56791;0.212071397656634;1.06200911244338e+19
9663921755.76642;0.201916437514132;1.06899061327582e+19
9663921755.97227;0.182371358745925;1.07575717454996e+19
9663921756.18584;0.164458711551067;1.08208005207189e+19
9663921756.40269;0.165471621451134;1.08811943681871e+19
9663921756.62272;0.159884123514142;1.09409470508978e+19
9663921756.84684;0.142579763813142;1.09977094345454e+19
9663921757.07416;0.142228969201129;1.10489525829609e+19
9663921757.30247;0.144214586222702;1.10973592965484e+19
9663921757.53245;0.138865375793602;1.11449319253851e+19
9663921757.76458;0.130132358166375;1.11895026870533e+19
9663921757.99835;0.13005259901666;1.12294958043321e+19
9663921758.2326;0.132450976205704;1.12673328302791e+19
9663921758.46782;0.128733470089621;1.13045626059589e+19
9663921758.70426;0.123883805708208;1.13393321678047e+19
9663921758.94178;0.122393829644847;1.13702492424198e+19
9663921759.17948;0.125688983390741;1.13993286437318e+19
9663921759.41762;0.123593221386655;1.14281336431451e+19
9663921759.6565;0.120610678144931;1.14551842038489e+19
9663921759.8961;0.117215851153643;1.14775547068053e+19
9663921760.13614;0.118292099870624;1.14508202599608e+19
9663921760.37928;0.106619472654106;1.13176080417152e+19
9663921760.63047;0.089731039484434;1.10398511872321e+19
9663921760.89095;0.0735683322082007;1.05894740312283e+19
9663921761.16218;0.0540713426989145;1.00086496519949e+19
9663921761.44689;0.03068860055633;9.29419153250524e+18
9663921761.7497;-0.00317096807461275;8.50716383120469e+18
9663921762.07786;-0.0437797432140991;7.63105115807204e+18
9663921762.44735;-0.102628214415373;6.64892453740773e+18
9663921762.89063;-0.218604115950399;5.53220099768296e+18
9663921763.51423;-0.423962251140125;4.14827429980771e+18
9663921764.65566;-0.860591886104534;2.29395153371846e+18
9663921767.60654;-1.44219104048592;5.30089058062077e+17
9663921783.25702;-2.24482139328608;4.71442112687523e+16
9663921904.41605;-3.11844444736331;5.29759345722763e+15
9663922894.2859;-4.04841741751462;667045959384993
9663931373.07865;-4.86864675395556;107761518065703
9663976390.00282;-5.48901726076253;29600149396054.4
9664144519.69536;-6.05120168013166;11028606172945.4
9664682191.96141;-6.51551303735788;4949052613180.6
9666171085.20354;-6.94692829740633;2630724952990.16
9670080848.7771;-7.34657765741335;1592603918491.45
9681000485.14691;-7.76182560002752;1053434900559.62
9719506134.91532;-8.24522509578393;713744105504.867
9816194323.29543;-8.57189783668875;488965593975.374
9967276576.55841;-8.77559840545896;350398651205.595
10168421338.2862;-8.89938805140439;276116149999.856
10408545898.7533;-8.97050771322791;239341600091.277
10666648787.2294;-9.00051064304204;221489296468.004
10933807543.4139;-9.00097266110582;213472663183.744
11202133603.9695;-9.00119804329278;210362129714.858
11459255810.8366;-9.00129953891187;210124792687.222
11703385138.5905;-9.00133792104873;211332872161.18
11938388154.02;-9.00134173571797;213421510345.276
12163711691.6115;-9.0013232521091;216048832526.43
12378429891.1009;-9.00129235575292;218987247773.722
12585631182.9063;-9.00125362710891;222212827345.415
12784376372.4233;-9.00120997804397;225623015035.223
12974346947.5488;-9.0011628918881;229180258513.135
13153977169.871;-9.00111373267266;232861286270.325
13324830380.7719;-9.0010631359841;236621578308.646
13486874587.0172;-9.00101165467619;240443417024.929
13640351734.2719;-9.00095881003523;244503265512.66
13783808867.6747;-9.00090425078606;248829340227.523
13916251819.1077;-8.98206655754341;253133660498.529
14039210347.4959;-8.95506616647207;256939417118.567
14155657292.1586;-8.93437673012402;260092043790.294
14266712650.4678;-8.91003176445126;263460132467.328
14370923859.3874;-8.84672496420939;269499137816.85
14458517840.397;-8.7044836594786;282628069814.709
14516605209.5466;-8.40910170748341;313826060006.339
14540316933.457;-7.88831725927576;402595938521.225
14545742881.3631;-6.89851072647692;914824251769.067
14546226854.5612;-5.6130168335948;6875175405493.91
14546256388.8701;-4.53385046017487;83286155618457.1
14546258861.5934;-3.48750648697265;1.02210726983086e+15
14546259080.4672;-2.4577825618813;1.1544740648954e+16
14546259102.9515;-1.65026347937802;9.01167966881955e+16
14546259107.7351;-1.15189917783539;2.69329327363692e+17
14546259110.2226;-0.91740820328741;4.69236592713501e+17
14546259111.9755;-0.765788286815727;7.21377468112642e+17
14546259113.2923;-0.655204760634698;1.02279799692161e+18
14546259114.3429;-0.569996195649208;1.35229138596832e+18
14546259115.2433;-0.501905031252739;1.71061964780268e+18
14546259116.0253;-0.445666124274948;2.09876970253718e+18
14546259116.7159;-0.399527382036618;2.49872107204073e+18
14546259117.3397;-0.361706601457859;2.87594331454816e+18
14546259117.9357;-0.328124378490477;3.24245247599789e+18
14546259118.477;-0.30030933221927;3.57318801546797e+18
14546259118.9624;-0.277214783767292;3.87674520912848e+18
14546259119.4323;-0.256850037833702;4.18924887523117e+18
14546259119.8701;-0.239406472433424;4.50231169108635e+18
14546259120.2887;-0.222763358632115;4.82226154250904e+18
14546259120.691;-0.207388024557386;5.14494005784786e+18
14546259121.0895;-0.192055274809444;5.48352971128457e+18
14546259121.467;-0.178098694624352;5.82731979973872e+18
14546259121.8322;-0.16409670457458;6.18509042188764e+18
14546259122.1868;-0.152009122413529;6.55343789137616e+18
14546259122.5314;-0.140223597597123;6.92497505308212e+18
14546259122.8632;-0.129484049973246;7.29513637620173e+18
14546259123.189;-0.119676472115248;7.60375341915659e+18
14546259123.5129;-0.112049363548664;7.82391602758433e+18
14546259123.8314;-0.103152751833382;7.96792586246565e+18
14546259124.1399;-0.0914920960302487;8.02381020898954e+18
14546259124.444;-0.0819708773351529;8.01276887923333e+18
14546259124.7426;-0.0717345613881332;7.94664980213853e+18
14546259125.0322;-0.0620620376750491;7.8660684017092e+18
14546259125.325;-0.0527245017379408;7.77989687225606e+18
14546259125.6183;-0.044711836740631;7.69881562815347e+18
14546259125.9022;-0.0370020805072234;7.62749684234819e+18
14546259126.1775;-0.0292536807602622;7.56256948311384e+18
14546259126.4528;-0.0220598739989114;7.49699716851547e+18
14546259126.7295;-0.015677543752466;7.43454008827417e+18
14546259127.0074;-0.00903789189453453;7.38086251003418e+18
14546259127.2778;-0.00147505243340378;7.33881452818607e+18
14546259127.5472;0.00445742236115088;7.30622366442314e+18
14546259127.8096;0.0112015819189801;7.28377841260529e+18
14546259128.0705;0.0169911690240143;7.27258108240759e+18
14546259128.3306;0.0241863011600284;7.27395482290759e+18
14546259128.5909;0.0307742721259239;7.28731496636221e+18
14546259128.8495;0.0373586796647175;7.31121176875694e+18
14546259129.1085;0.0445455070529285;7.34470474481192e+18
14546259129.3644;0.0507114200797666;7.38733518074012e+18
14546259129.6204;0.0585096956360438;7.44044252401883e+18
14546259129.873;0.0667094263295036;7.50377221635684e+18
14546259130.1255;0.0747058887932062;7.57807155029523e+18
14546259130.3788;0.0831961824301806;7.66379552238325e+18
14546259130.6281;0.0917963679557281;7.76019846845586e+18
14546259130.8753;0.101078002206695;7.86765585154328e+18
14546259131.1195;0.111251193872225;7.98703324704194e+18
14546259131.3598;0.122082819209467;8.11725749180799e+18
14546259131.5944;0.133739066750519;8.25884900025666e+18
14546259131.8226;0.146438375541707;8.41148411884126e+18
14546259132.0441;0.160462132064758;8.57608118357454e+18
14546259132.2582;0.176148839270332;8.75397516737685e+18
14546259132.4644;0.193824808310404;8.94678904622891e+18
14546259132.6618;0.213531400840948;9.15721618939329e+18
14546259132.8494;0.237994202712181;9.37688906289017e+18
14546259133.0259;0.264140756723779;9.5941314431704e+18
14546259133.1916;0.291793854838716;9.7961066472957e+18
14546259133.3484;0.315161307209304;9.97149143760463e+18
14546259133.5004;0.323797483598476;1.01191561558802e+19
14546259133.6562;0.291340237553384;1.02356687764275e+19
14546259133.8234;0.26553397884564;1.03227716307552e+19
14546259134.0078;0.21673725020944;1.03996611214047e+19
14546259134.202;0.207854317664027;1.04761963054744e+19
14546259134.4035;0.19659378807089;1.05527590551934e+19
14546259134.6118;0.176364050641351;1.06266648295938e+19
14546259134.8268;0.1621492008063;1.06956720834859e+19
14546259135.0446;0.163550974693388;1.07614730157347e+19
14546259135.2653;0.160056603480699;1.08268294607519e+19
14546259135.4896;0.145911342269222;1.08908812751337e+19
14546259135.7174;0.13831429835023;1.09503612186255e+19
14546259135.9461;0.142896926811683;1.10052579602431e+19
14546259136.1757;0.142525842394388;1.10587058842491e+19
14546259136.4071;0.134397062266731;1.11112521943062e+19
14546259136.6402;0.126796850177868;1.11605307615415e+19
14546259136.8743;0.13064263718423;1.12056440585529e+19
14546259137.1086;0.132913395098284;1.12487670555172e+19
14546259137.3437;0.129157446811472;1.12913599376927e+19
14546259137.5798;0.124553947620455;1.13321432684523e+19
14546259137.8168;0.121797139421997;1.13695813273888e+19
14546259138.0539;0.126528635866822;1.1404867472077e+19
14546259138.2912;0.126293751321115;1.14396845567636e+19
14546259138.5291;0.122949279394193;1.14600017135571e+19
14546259138.7686;0.115441269130716;1.13870052516313e+19
14546259139.0148;0.100023982033296;1.11978299036865e+19
14546259139.2703;0.0810406271690432;1.08296047157566e+19
14546259139.5362;0.0623110048261403;1.03200559875166e+19
14546259139.8149;0.0408074780826787;9.66311337578134e+18
14546259140.1096;0.0134923308164902;8.90670052749564e+18
14546259140.4273;-0.025652151090138;8.07360197072983e+18
14546259140.7775;-0.0803351992755133;7.13723169298672e+18
14546259141.1879;-0.165708250450177;6.0738254909476e+18
14546259141.7188;-0.333385315720502;4.81526114980851e+18
14546259142.5997;-0.66350424479415;3.12765788254789e+18
14546259144.4681;-1.19071110715844;1.14685544417148e+18
14546259152.2671;-1.90135764546444;1.25356710366787e+17
14546259205.9547;-2.78123098129375;1.17537368531112e+16
14546259648.6957;-3.69702913897882;1.43106952510223e+15
14546263315.1157;-4.56468261616227;217821125585487
14546288186.2822;-5.2805163782522;47148116570816.9
14546391041.077;-5.83353800172554;15829098097851.9
14546738686.2202;-6.34741681303041;6631094586667.03
14547749706.9633;-6.78718334883832;3311243517323.39
14550431587.1442;-7.18198944600163;1912913880956.02
14557540472.0836;-7.5868349070308;1232104184799.18
14580219887.0551;-8.04952281426882;834981087718.89
14652613963.4684;-8.46085283356701;568728524491.174
14783122096.0636;-8.70388628931536;396322014313.396
14965287473.8852;-8.85916746902226;299798225324.038
15192983476.523;-8.94744945636204;250769521553.814
15444673589.5834;-8.99418334428143;227082895361.584
15710551341.9939;-9.00083344655065;215837943946.426
15979034167.0905;-9.00113239241175;211131061762.465
16244265588.0101;-9.00127431105212;209990039379.769
16493464617.5547;-9.00133227811956;210707230464.239
16731967027.3874;-9.0013469329131;212546317246.049
16960680188.4874;-9.00133543220208;214967314200.356
17179612357.5648;-9.00130825073252;217810429080.116
17387972942.4666;-9.00127243946605;220919442208.202
17589923381.6607;-9.00123050431205;224236315039.683
17784351572.9683;-9.00118427545733;227764844114.541
17968787853.1287;-9.0011355539267;231432487754.583
18143377572.5891;-9.00108527252845;235154710188.545
18308364119.9302;-9.00103409860928;238949676024.33
18465160206.4158;-9.00098178908285;242917091462.26
18612637548.3144;-9.00092790224547;247129961265.068
18749293629.5588;-8.99596517208508;251480656665.001
18875980673.0084;-8.96564865909149;255560709136.402
18994396824.8376;-8.9422651731077;258964514842.064
19107295422.2114;-8.91927941847706;262107545787.873
19213605827.6084;-8.87637270668128;266765451520.23
19308929221.471;-8.77067309284965;276413809415.727
19380261426.6853;-8.55641583180506;297589742230.289
19418773347.0895;-8.15054070414128;352596702563.151
19430173266.7892;-7.45518058604371;556562257511.492
19431856592.3601;-6.14043893648887;2572672653521.05
19431949903.1059;-5.00579611025973;26520665453954.3
19431957369.5606;-3.95564988379338;336893551414157
19431958010.1722;-2.93472321002706;3.74235619573744e+15
19431958073.0514;-1.99820178575151;3.64052680805463e+16
19431958081.8141;-1.35699389015425;1.72355009123711e+17
19431958085.0883;-1.01416622661019;3.67850848174747e+17
19431958087.1344;-0.8328190607933;5.90356460632868e+17
19431958088.6218;-0.707219700282441;8.65396401622001e+17
19431958089.7689;-0.612392643068931;1.17538545555993e+18
19431958090.7308;-0.536125460075193;1.51638264101774e+18
19431958091.5551;-0.474227778619691;1.88327439952868e+18
19431958092.2784;-0.424036193362251;2.27282545301164e+18
19431958092.9449;-0.380815066010658;2.67741589204342e+18
19431958093.559;-0.344509903952662;3.0644714939518e+18
19431958094.1065;-0.314730576913745;3.41502948119118e+18
19431958094.6184;-0.289664257219305;3.73990377901479e+18
19431958095.0945;-0.266975194688471;4.05607197369257e+18
19431958095.5413;-0.248539086277867;4.36825571894154e+18
19431958095.9634;-0.23081598303913;4.6754651771851e+18
19431958096.37;-0.215139738848076;4.99405828569384e+18
19431958096.7577;-0.201378374301422;5.3209206851324e+18
19431958097.134;-0.186696642082494;5.65323818060748e+18
19431958097.4973;-0.172811625826189;5.99240194258761e+18
19431958097.8487;-0.159954571502123;6.34408394078416e+18
19431958098.1894;-0.147804572425926;6.70524129485116e+18
19431958098.5225;-0.136785752960042;7.07418802369275e+18
19431958098.8457;-0.126122967626833;7.43478200388205e+18
19431958099.1622;-0.116926108793797;7.72225925840885e+18
19431958099.4738;-0.110243089516015;7.92924949186273e+18
19431958099.7786;-0.0994393231331939;8.06208858121043e+18
19431958100.0771;-0.0881793052513748;8.11766828694443e+18
19431958100.3711;-0.0772909927751117;8.10250737741666e+18
19431958100.6607;-0.0690259565939447;8.03647578283214e+18
19431958100.9458;-0.0585870600845022;7.95841917931615e+18
19431958101.2277;-0.0499340298259482;7.87686374779797e+18
19431958101.5054;-0.0414269546574121;7.79619777261187e+18
19431958101.7798;-0.0342623849611258;7.7242530309465e+18
19431958102.0521;-0.0268618796078847;7.65914192822763e+18
19431958102.3196;-0.0188945090903329;7.59548661830879e+18
19431958102.5874;-0.0131393803137748;7.53135978265362e+18
19431958102.8519;-0.00594079057646041;7.47560344424968e+18
19431958103.1152;0.00114548111340328;7.43082353612243e+18
19431958103.3753;0.00714985832856977;7.39583302393133e+18
19431958103.6342;0.0138166826385681;7.36966493106298e+18
19431958103.8921;0.0197167688121731;7.35436808702175e+18
19431958104.1474;0.0269141526272432;7.3518808891137e+18
19431958104.4011;0.0332949546415725;7.36178757424911e+18
19431958104.6561;0.0401099469711649;7.38241106002111e+18
19431958104.9123;0.0470937889830051;7.41282700752577e+18
19431958105.165;0.0536026700781239;7.45250317477771e+18
19431958105.415;0.0610723094337976;7.50218369209315e+18
19431958105.6628;0.0690492229789442;7.56239172526977e+18
19431958105.9107;0.0771113685053501;7.63370298325347e+18
19431958106.158;0.0852003888690756;7.71626467994527e+18
19431958106.4032;0.0941186799535775;7.80994754002962e+18
19431958106.649;0.103503851832303;7.91577278778462e+18
19431958106.8923;0.113452858118274;8.03389974984746e+18
19431958107.1316;0.12416665833484;8.1631672501197e+18
19431958107.3649;0.135754988105817;8.30378452644999e+18
19431958107.5918;0.148466438045901;8.45580905269526e+18
19431958107.8119;0.162613321596525;8.61997692810676e+18
19431958108.0247;0.178580912152051;8.79770033099922e+18
19431958108.2295;0.196751823998697;8.9911929197414e+18
19431958108.4254;0.217207393537468;9.20234622600552e+18
19431958108.6114;0.240788588487931;9.42178956425532e+18
19431958108.7862;0.266835288680933;9.63719330107921e+18
19431958108.9505;0.293699677502012;9.83509730617737e+18
19431958109.1064;0.316400125379834;1.00072867910764e+19
19431958109.258;0.324022008942335;1.01516541049481e+19
19431958109.4144;0.288220973318687;1.02626930242011e+19
19431958109.5832;0.261668151634324;1.0346167780631e+19
19431958109.7689;0.212842815207785;1.04214753986399e+19
19431958109.9643;0.204867867688204;1.04965179259255e+19
19431958110.1668;0.194591441532446;1.05716125155409e+19
19431958110.3759;0.175551369130234;1.06442715617869e+19
19431958110.5918;0.16012201326612;1.07120217962843e+19
19431958110.8105;0.161871331219285;1.07762305890009e+19
19431958111.032;0.158667850268393;1.08399181552154e+19
19431958111.2568;0.14487054167366;1.09023041571559e+19
19431958111.4849;0.137087471900085;1.09601671978694e+19
19431958111.7141;0.141751238032065;1.1013524978746e+19
19431958111.9442;0.141394224767781;1.10654530058296e+19
19431958112.1759;0.133718108971873;1.11164944733476e+19
19431958112.4094;0.126569297347003;1.11642833900949e+19
19431958112.6439;0.129874254125515;1.12080010163327e+19
19431958112.8786;0.132011606231823;1.1249825735336e+19
19431958113.1141;0.12833875417124;1.12911245129154e+19
19431958113.3506;0.123919199914249;1.133049296905e+19
19431958113.5879;0.121419735793079;1.13664673945171e+19
19431958113.8254;0.125924993640811;1.14004184632144e+19
19431958114.0631;0.125370842543325;1.14340315223334e+19
19431958114.3013;0.122145044663604;1.14525605063007e+19
19431958114.5412;0.114729364788312;1.13771859364849e+19
19431958114.7877;0.0996294180581112;1.11855153857692e+19
19431958115.0432;0.0805224088606607;1.08152427590282e+19
19431958115.3092;0.0629027284242652;1.03050457175199e+19
19431958115.5877;0.0405715114697253;9.6483196960837e+18
19431958115.8821;0.0137960595381076;8.89346487266396e+18
19431958116.1992;-0.0258138534182827;8.06236778822954e+18
19431958116.5485;-0.0774671693111404;7.12941862305834e+18
19431958116.9572;-0.163914445335685;6.07126596651233e+18
19431958117.4833;-0.325457757184578;4.82322701355313e+18
19431958118.3523;-0.652826819553877;3.15154830690061e+18
19431958120.1854;-1.18113839609867;1.17519364773772e+18
19431958127.727;-1.88577807909639;1.31062483625075e+17
19431958179.1248;-2.76604927433959;1.22639684213081e+16
19431958603.5877;-3.67824161699374;1.49218613320407e+15
19431962111.0139;-4.54881460237294;226209439616781
19431986235.1711;-5.26848135921324;48294742996607.6
19432086255.9556;-5.82404063189119;16150660847949.5
19432426494.1172;-6.33685060628529;6732690817362.18
19433416069.2965;-6.7771100603422;3353693785845.25
19436051675.0486;-7.17309895497229;1930968714584.56
19443020619.0584;-7.58005146569358;1241816081877.14
19465236652.9537;-8.04213534360673;840488114908.34
19536903175.9341;-8.4566238957043;571702550604.442
19666450083.3132;-8.70091964892755;398298963455.88
19848223563.5317;-8.85767747368961;300723643735.265
20074998270.3847;-8.94643998224226;251283836778.38
20326306711.3014;-8.99373658239934;227349512934.909
20592437099.9888;-9.0008300183697;215949213531.91
20860584594.127;-9.00113164406905;211183280031.121
21123499867.9086;-9.00127437236659;210000505775.773
21374552392.9985;-9.0013339470334;210692463180.155
21614828771.4542;-9.00134916979755;212531562586.923
21843822874.1309;-9.00133683447196;214947765042.576
22063248230.7465;-9.00130969690269;217793179413.383
22271895876.3844;-9.00127389841272;220902568838.076
22473876352.9194;-9.00123199949035;224216576277.112
22668641422.9616;-9.00118572530111;227748603744.075
22853000605.3414;-9.00113705657279;231411441461.06
23027591072.0134;-9.00108680606668;235130339462.698
23192841232.5648;-9.00103558339275;238928541094.411
23349773393.898;-9.00098326901405;242894974403.001
23497373992.4528;-9.00092937615199;247107149994.904
23634131685.7378;-8.99625521325143;251460215694.976
23760894477.0341;-8.96592301223559;255541603674.289
23879375707.1758;-8.94265620285274;258939573057.294
23992402163.6375;-8.91998461275617;262067633515.99
24098890184.9766;-8.87724492354495;266708021243.341
24194344408.5904;-8.77111358078248;276354459209.506
24265673407.7616;-8.55506421913432;297615780136.029
24303976102.0411;-8.14538174917607;353137746374.153
24315206429.3914;-7.44167705486695;561508450601.268
24316838706.1753;-6.12979658240128;2619445289557.5
24316929885.5965;-4.99736314079239;27070123277463.6
24316937202.9677;-3.94827401896985;342790463433841
24316937833.049;-2.92398991408694;3.83563588208922e+15
24316937894.498;-1.98718227542054;3.7444473682959e+16
24316937903.0848;-1.35046728427488;1.74959099913587e+17
24316937906.3294;-1.01078345403149;3.70262503317699e+17
24316937908.3655;-0.831092775435842;5.93261990102374e+17
24316937909.8371;-0.706765066630438;8.66430321545834e+17
24316937910.9896;-0.611974581496919;1.17818327291306e+18
24316937911.9449;-0.536078189785062;1.51758326763335e+18
24316937912.769;-0.473960467987613;1.88430910979085e+18
24316937913.4941;-0.423864304287487;2.27464340333497e+18
24316937914.1574;-0.380492215031596;2.67588154561645e+18
24316937914.7711;-0.344904351009996;3.06118270138278e+18
24316937915.316;-0.315131510286399;3.40780607838786e+18
24316937915.8345;-0.289610261207167;3.73453026852449e+18
24316937916.3178;-0.267262558351265;4.05413045126585e+18
24316937916.7633;-0.247844411106333;4.36506766762651e+18
24316937917.1925;-0.230603627406566;4.6781628014047e+18
24316937917.6065;-0.214339512585724;5.00250756152995e+18
24316937917.9979;-0.199763355764093;5.33180693127841e+18
24316937918.3762;-0.185754149722294;5.66705101079986e+18
24316937918.7416;-0.171881541506913;6.01035443371403e+18
24316937919.0941;-0.159559808219402;6.36339159321182e+18
24316937919.4374;-0.147209950523809;6.72727742916843e+18
24316937919.7696;-0.135881597869614;7.09734876974194e+18
24316937920.0945;-0.125431284094654;7.45456420538069e+18
24316937920.4104;-0.116219773884499;7.73025653970929e+18
24316937920.7209;-0.10997446685278;7.92996390288655e+18
24316937921.0252;-0.0987575075080997;8.05288675153309e+18
24316937921.3234;-0.0875227024852137;8.10227640758197e+18
24316937921.6165;-0.0765948936612949;8.080024701459e+18
24316937921.9063;-0.0684910302510588;8.01151191493576e+18
24316937922.192;-0.058125689113894;7.93290751801397e+18
24316937922.4718;-0.0494244953611523;7.85241791445529e+18
24316937922.7493;-0.0410035591209669;7.77240770252335e+18
24316937923.0223;-0.0340113750103425;7.70116648137003e+18
24316937923.2954;-0.0265100957059156;7.63653261936689e+18
24316937923.5663;-0.0185562396855984;7.57301144964223e+18
24316937923.8327;-0.0127010757820536;7.51014794225019e+18
24316937924.0963;-0.00568003042292964;7.45523128663411e+18
24316937924.3588;0.00126526617030712;7.41165193578111e+18
24316937924.6194;0.00740031707892579;7.37806227491502e+18
24316937924.8775;0.0138366049771558;7.35339663907402e+18
24316937925.1348;0.0198600196515475;7.33910837265718e+18
24316937925.3895;0.0269292592553585;7.33733904197288e+18
24316937925.6425;0.0331590833301502;7.34800263184104e+18
24316937925.8953;0.0399421992369794;7.36933008715395e+18
24316937926.1501;0.0468725125008337;7.40025971905024e+18
24316937926.4027;0.0534527530949232;7.44044923690488e+18
24316937926.6521;0.060816463845136;7.4903487332831e+18
24316937926.8994;0.0686441373463329;7.55072520074898e+18
24316937927.1465;0.0766880592330652;7.62202214740308e+18
24316937927.3929;0.084662665084291;7.70443233916842e+18
24316937927.6386;0.0936658823267882;7.79834961441826e+18
24316937927.8834;0.102900571314472;7.9036419621281e+18
24316937928.127;0.112757316042934;8.02168202206404e+18
24316937928.3665;0.123374691915921;8.15071450721986e+18
24316937928.6001;0.134878234131001;8.29114029716336e+18
24316937928.8274;0.147504710112847;8.44290595894485e+18
24316937929.0478;0.161568911164788;8.6066350121902e+18
24316937929.2611;0.177461004529678;8.78388381778715e+18
24316937929.4664;0.195586540687689;8.97678127822017e+18
24316937929.6628;0.216095134339911;9.18756366046801e+18
24316937929.8493;0.239076644665078;9.40712652672186e+18
24316937930.0248;0.265283576595763;9.62324726987637e+18
24316937930.1896;0.291835217154764;9.82245516245553e+18
24316937930.3458;0.315013166928283;9.99637290581097e+18
24316937930.4975;0.324151259736295;1.01425097745643e+19
24316937930.6532;0.291154986037618;1.02552528436157e+19
24316937930.8213;0.264464842252812;1.03399614573984e+19
24316937931.006;0.212147511466752;1.04155671619555e+19
24316937931.2009;0.204718427495511;1.04906484054373e+19
24316937931.4028;0.195316238374259;1.05658889094394e+19
24316937931.6112;0.178512910703264;1.06391272554146e+19
24316937931.8264;0.158798160685285;1.07076431871965e+19
24316937932.0448;0.161302658831215;1.07720606701586e+19
24316937932.266;0.159201363922057;1.08356464256639e+19
24316937932.4902;0.147941854739765;1.08982868937306e+19
24316937932.7182;0.13547656769177;1.09569860448684e+19
24316937932.9472;0.140975479401505;1.1010758751173e+19
24316937933.1772;0.141696933942133;1.10626498086857e+19
24316937933.4086;0.135238097761577;1.11138343213157e+19
24316937933.6419;0.127708905336946;1.11622976341267e+19
24316937933.8763;0.128811828712381;1.12065633079373e+19
24316937934.111;0.131884677687048;1.1248473496969e+19
24316937934.3463;0.129279885313916;1.12898001488594e+19
24316937934.5825;0.124874899569962;1.13296343359946e+19
24316937934.8197;0.120778586778957;1.13661487943112e+19
24316937935.0573;0.125319802583546;1.14001913495426e+19
24316937935.2948;0.125974797654755;1.14336565544674e+19
24316937935.5328;0.122895466059895;1.14541268130916e+19
24316937935.7725;0.115590116264663;1.13834425202763e+19
24316937936.0187;0.099854247224644;1.11977819146432e+19
24316937936.2737;0.0829312659261645;1.08345873966293e+19
24316937936.5392;0.0651462903735584;1.03292827728325e+19
24316937936.817;0.0424290841094062;9.6787635766626e+18
24316937937.1108;0.0151560722670247;8.9265300760911e+18
24316937937.4266;-0.025835642336074;8.10018372605451e+18
24316937937.7741;-0.0724432238285417;7.17184650514035e+18
24316937938.1791;-0.160476472775434;6.12115904310963e+18
24316937938.6963;-0.311505009775784;4.88722894361525e+18
24316937939.5431;-0.632852663524689;3.23565962465125e+18
24316937941.2992;-1.15796026099545;1.25758415109273e+18
24316937948.177;-1.84249374780845;1.49335516151835e+17
24316937994.6265;-2.73094395528625;1.35923460189531e+16
24316938376.7387;-3.63129898050526;1.65702352328165e+15
24316941520.1122;-4.51112465003366;248523574069412
24316963778.5924;-5.23045039474686;51435876503038.2
24317057085.0348;-5.80077051761526;16999833928372.3
24317377368.5649;-6.30777343954139;7017273223397.39
24318316733.2654;-6.75117887249347;3463485819828.95
24320826577.5003;-7.14997729652664;1980234944495.9
24327418201.7348;-7.56400987214897;1268844148233.21
24348221252.8778;-8.01516338465913;857322656464.754
24416764729.9916;-8.44076068644033;582786849044.458
24542747802.649;-8.6898047501955;405770420517.873
24721539522.2391;-8.85124340218786;304728946097.203
24947095475.434;-8.94281611323273;253106573911.21
25197237057.389;-8.99211606664166;228265250408.846
25461408338.7105;-9.00080595325194;216391032603.804
25730435212.6793;-9.00112139127427;211344591532.507
25995486693.156;-9.00127122424637;210004443593.376
26249015592.7951;-9.0013340345064;210636309117.885
26489482572.1539;-9.00135041919133;212438126995.534
26718927306.483;-9.00133871960658;214829859020.139
26938661480.2549;-9.0013120866478;217661836786.745
27150139737.5754;-9.00127614635442;220797100954.137
27352880416.1643;-9.00123428724621;224112757132.016
27547145611.5906;-9.00118830161325;227626107937.243
27732654112.9775;-9.0011394895119;231299106237.136
27906813835.8137;-9.00108948627881;234999207402.12
28072805154.374;-9.001038152151;238805953891.609
28229914169.1703;-9.00098592172185;242762372436.605
28378165205.0986;-9.0009319644632;246972356430.219
28515582646.0578;-8.99703456460602;251338768352.543
28642974135.5196;-8.96648565559664;255444470605.948
28761596541.5231;-8.94248891840252;258854001112.212
28874859629.302;-8.92049317978342;261976958774.558
28981619727.2811;-8.87880862755703;266560764310.143
29077217179.6296;-8.77507443611361;276010811235.737
29149255610.1956;-8.56446448450948;296787697391.784
29188203689.9819;-8.16617769668517;349452246064.24
29200186070.3395;-7.48983704252685;542129314851.658
29202008843.6424;-6.18953019962706;2375845963053.89
29202112595.3632;-5.04645765548771;24093201811701.8
29202120800.5238;-3.99331984906323;307714097194175
29202121499.683;-2.97051340484279;3.43947693784674e+15
29202121567.7882;-2.02395964255505;3.40007656060133e+16
29202121577.0183;-1.37259304309994;1.66330917589708e+17
29202121580.3641;-1.02144997937649;3.61524166582347e+17
29202121582.4338;-0.837502164806329;5.82520315433056e+17
29202121583.9308;-0.710922879790291;8.55148120557319e+17
29202121585.0892;-0.615068577097529;1.16425536529752e+18
29202121586.0553;-0.538395478773743;1.50449180507392e+18
29202121586.8816;-0.476284940064644;1.86920664331729e+18
29202121587.6095;-0.425659111900337;2.2581538569195e+18
29202121588.2807;-0.381781725744214;2.66401310403464e+18
29202121588.8946;-0.346105617982243;3.04948428195164e+18
29202121589.4417;-0.315905838932105;3.39771522543499e+18
29202121589.9638;-0.290159953980706;3.72681678970817e+18
29202121590.443;-0.26767945048336;4.04300238771914e+18
29202121590.8878;-0.248754974460876;4.35258357852611e+18
29202121591.3185;-0.231423467514386;4.66664021921412e+18
29202121591.7355;-0.214874162806979;4.99305648227664e+18
29202121592.1287;-0.200236585441664;5.32285266346719e+18
29202121592.5109;-0.186034086795147;5.66057344830205e+18
29202121592.8794;-0.172100779083021;6.00694974368967e+18
29202121593.2326;-0.159664003261861;6.36076609198101e+18
29202121593.5779;-0.147446580562455;6.72619891242874e+18
29202121593.9109;-0.135850760438546;7.09693892663663e+18
29202121594.2361;-0.125582164453912;7.45454161385509e+18
29202121594.5532;-0.116184235166658;7.73128311708426e+18
29202121594.8646;-0.109717477539041;7.93105073039926e+18
29202121595.168;-0.0986072992614518;8.05354536594198e+18
29202121595.4664;-0.0873567181573902;8.10285064403199e+18
29202121595.7586;-0.0765219455678415;8.08074431644577e+18
29202121596.0479;-0.0683801964480378;8.01258397867662e+18
29202121596.3334;-0.0579799880752162;7.93415697165349e+18
29202121596.6132;-0.0493744676272172;7.85370068132093e+18
29202121596.8907;-0.0408811765775615;7.77363330523454e+18
29202121597.1639;-0.0338614381613608;7.70237665313055e+18
29202121597.4368;-0.0264277281971982;7.63771824470911e+18
29202121597.708;-0.0184104650772625;7.57415974995909e+18
29202121597.9739;-0.0126424676281949;7.51142952057945e+18
29202121598.2372;-0.00558581415915835;7.45655232287238e+18
29202121598.4997;0.00142127087115156;7.41291358447438e+18
29202121598.7606;0.00750073430599979;7.37926938622614e+18
29202121599.0186;0.0139772275097126;7.35458623184736e+18
29202121599.276;0.0199673351117177;7.34026036401658e+18
29202121599.5308;0.0270793342893204;7.33845701958479e+18
29202121599.7837;0.0332903349635767;7.34911413703721e+18
29202121600.0357;0.0400827067527202;7.37039527053945e+18
29202121600.2894;0.046928970649859;7.40113232623172e+18
29202121600.5419;0.0536148200539892;7.44124221075949e+18
29202121600.7914;0.0609064170197208;7.49114224095425e+18
29202121601.0383;0.0687117640981639;7.55140020536029e+18
29202121601.2853;0.0767597516314371;7.6226720478596e+18
29202121601.5315;0.0847931378045923;7.70504174758727e+18
29202121601.7777;0.0937639400445791;7.79911430034133e+18
29202121602.0221;0.10295449815868;7.90425534780663e+18
29202121602.2657;0.112791823629615;8.02227484418792e+18
29202121602.5051;0.123386830650555;8.15123831516282e+18
29202121602.7387;0.134876036193948;8.29162057628736e+18
29202121602.9659;0.147493109784975;8.44335573378754e+18
29202121603.1863;0.1615560705929;8.60705803682983e+18
29202121603.3995;0.177454974589978;8.78428357034215e+18
29202121603.6048;0.195602113472721;8.9771963785592e+18
29202121603.8012;0.216157471605241;9.18803211461865e+18
29202121603.9876;0.239041018037679;9.40762946416326e+18
29202121604.1631;0.265254398539505;9.62373531544369e+18
29202121604.3279;0.291765329145025;9.82295899742398e+18
29202121604.4841;0.314936770727739;9.99698579955296e+18
29202121604.6358;0.324206033843562;1.01431307927483e+19
29202121604.7914;0.291667327884087;1.02558106643007e+19
29202121604.9595;0.264605459969578;1.03405243140627e+19
29202121605.1441;0.211909681701162;1.04160809201342e+19
29202121605.339;0.204580452459715;1.0491087032257e+19
29202121605.5409;0.195301785654855;1.05662580970319e+19
29202121605.7492;0.178745134223776;1.06394797191072e+19
29202121605.9644;0.158593465129417;1.07080081100306e+19
29202121606.1828;0.161179913685136;1.07723768251267e+19
29202121606.404;0.159179550147497;1.08358702823824e+19
29202121606.6282;0.148137961396966;1.08984411157322e+19
29202121606.8561;0.135280639868481;1.09571140543485e+19
29202121607.0852;0.140852983968592;1.10108417467831e+19
29202121607.3151;0.141657884951393;1.10626485116441e+19
29202121607.5466;0.135335227905139;1.11137551985803e+19
29202121607.7798;0.127773004113918;1.11621811853724e+19
29202121608.0142;0.128682529530212;1.12064144914816e+19
29202121608.2489;0.131819010967907;1.12482644980733e+19
29202121608.4842;0.129305466934215;1.1289521941995e+19
29202121608.7205;0.124900015752166;1.13293124114414e+19
29202121608.9577;0.120765095358533;1.13657839390482e+19
29202121609.1952;0.12523198832671;1.13997479380536e+19
29202121609.4327;0.125960140168173;1.1433119921632e+19
29202121609.6708;0.122892853782855;1.14536214659112e+19
29202121609.9106;0.115600677444574;1.13831727449219e+19
29202121610.1567;0.0998199929871232;1.11978664372326e+19
29202121610.4117;0.0831677574771617;1.08351594317118e+19
29202121610.6771;0.0653612127530901;1.03303014803865e+19
29202121610.9549;0.0426267037892594;9.68047929461778e+18
29202121611.2485;0.0152900962386892;8.92875623717546e+18
29202121611.5641;-0.0259479258806951;8.10322116432118e+18
29202121611.9115;-0.0717477938047749;7.17555609358477e+18
29202121612.3158;-0.159886510924031;6.12643009127164e+18
29202121612.8316;-0.309317140442243;4.89519432681987e+18
29202121613.6743;-0.629454420299135;3.24843430642875e+18
29202121615.4148;-1.15236524111924;1.27313501663617e+18
29202121622.1837;-1.83509313984784;1.52778508906896e+17
29202121667.8722;-2.72530683320042;1.38268306431075e+16
29202122043.8014;-3.62389734262282;1.68446393651705e+15
29202125133.3044;-4.50543901774007;252218385242852
29202147114.2885;-5.2244648501509;51940788918239.4
29202239518.6205;-5.79747022327525;17125578243525.3
29202557400.4909;-6.30394438861047;7055048641004.87
29203490273.02;-6.74773872529814;3478173577836.72
29205980626.3224;-7.14688481495699;1987642653062.73
29212521382.8699;-7.56021867093982;1272725494415.03
29233103611.0013;-8.01099565341329;859971464212
29301075710.6727;-8.43796854810816;584718715966.589
29426720362.0331;-8.68821842318562;406839386221.182
29604748249.4521;-8.85012808792441;305428267064.818
29829998939.0623;-8.94216332961725;253439069458.111
30079941545.6943;-8.9918190751704;228432785984.939
30343990906.6915;-9.00080284803296;216466891046.357
30613072043.8433;-9.00112047225286;211374894430.347
30878083376.6675;-9.00127135214142;210007507972.814
31131337312.0705;-9.00133469215715;210623036371.76
31370532152.322;-9.00135110359947;212402320290.265
31600901654.4094;-9.00133966265174;214793082158.61
31820596028.4351;-9.00131321474714;217618614935.534
32032410488.898;-9.0012773470163;220752642720.887
32235843851.6982;-9.00123542481112;224075243877.118
32429973360.4126;-9.00118953447906;227582490661.728
32615974130.1162;-9.00114065139845;231260402467.989
32790350709.0461;-9.00109062589435;234961996991.355
32956588818.1731;-9.00103925068003;238771675379.775
33113725523.5966;-9.00098705603422;242724018281.747
33261990129.4265;-9.00093315331678;246927444673.267
33399456925.6049;-8.99745165586661;251293112219.118
33526954075.7315;-8.96638843673824;255405479538.497
33645641600.6635;-8.94245899415035;258821006931.529
33758917137.5;-8.92069831878403;261935554066.642
33865938870.5638;-8.87914812942816;266489108328.647
33961683359.1798;-8.77733088314485;275844103972.099
34034129879.017;-8.56872244086828;296427695930.198
34073481854.1439;-8.17137466901066;348538199034.034
34085645989.4915;-7.49930262950947;538131962847.246
34087509090.5193;-6.20216852565338;2326960891754.41
34087615755.6764;-5.05674601991623;23523384703308.7
34087624158.8304;-4.00280589953782;300843945034430
34087624873.4922;-2.97979862085382;3.36528685692088e+15
34087624943.0212;-2.03098904526523;3.3380591161239e+16
34087624952.3815;-1.37681788669052;1.64721436211715e+17
34087624955.7474;-1.02347782250996;3.59853482745737e+17
34087624957.8215;-0.838944569056772;5.80158228791483e+17
34087624959.325;-0.711775097190093;8.52827388686275e+17
34087624960.4869;-0.615572206558737;1.16207332351736e+18
34087624961.4526;-0.538919911027357;1.501598594039e+18
34087624962.2796;-0.476779861970924;1.86595675935397e+18
34087624963.0075;-0.426081033145641;2.25417235131972e+18
34087624963.6806;-0.382065062182101;2.66100011612697e+18
34087624964.2941;-0.346344404291484;3.04609402094035e+18
34087624964.84;-0.316212042065964;3.39337708117325e+18
34087624965.3593;-0.290573611932469;3.72058421587208e+18
34087624965.8479;-0.267651263110252;4.04251038550101e+18
34087624966.2927;-0.2486651821261;4.35203489724174e+18
34087624966.7236;-0.231374048286201;4.66629821799993e+18
34087624967.1376;-0.214957654043606;4.99041426105838e+18
34087624967.5308;-0.20031608234231;5.31977651118665e+18
34087624967.914;-0.186071582737825;5.65806966793278e+18
34087624968.284;-0.172162634668103;6.00599242984511e+18
34087624968.6379;-0.159644525403967;6.36058186446486e+18
34087624968.9837;-0.147427698699768;6.72624555604021e+18
34087624969.3172;-0.135780021778407;7.09769478288871e+18
34087624969.6428;-0.125561650416392;7.45542870281831e+18
34087624969.9605;-0.116102327151548;7.73224527277661e+18
34087624970.2724;-0.109580964874496;7.93168665388221e+18
34087624970.5758;-0.0984717208257601;8.05351121183849e+18
34087624970.8744;-0.0872185660110673;8.10235086861562e+18
34087624971.1659;-0.0764067661654692;8.07984788186683e+18
34087624971.4546;-0.0682752927417139;8.01178561782802e+18
34087624971.74;-0.0578719317683325;7.93344512467304e+18
34087624972.0197;-0.0492984643988762;7.85307728146408e+18
34087624972.2972;-0.0407871299071599;7.77311342084936e+18
34087624972.5706;-0.0337606306188535;7.7018453128788e+18
34087624972.8435;-0.0263381235712893;7.63724948839869e+18
34087624973.1147;-0.0183090195678125;7.57377955859939e+18
34087624973.3805;-0.0125606783221821;7.51118431284507e+18
34087624973.6437;-0.00549668811327801;7.45637818811979e+18
34087624973.9058;0.00151582756767326;7.41287863402519e+18
34087624974.1666;0.00756789744361493;7.37934172484914e+18
34087624974.4247;0.0140599363777839;7.35473442638329e+18
34087624974.6818;0.0200260524070089;7.34047183130289e+18
34087624974.9367;0.027161319907095;7.33871718070577e+18
34087624975.1896;0.0333630198981461;7.34943042148575e+18
34087624975.4413;0.0401612997249205;7.37074798502028e+18
34087624975.6945;0.0469720048728439;7.40145699467614e+18
34087624975.9469;0.053702624824583;7.4415603489737e+18
34087624976.1964;0.0609585191919527;7.49147882606281e+18
34087624976.4431;0.0687551678483889;7.55173996258855e+18
34087624976.6901;0.0768055204274766;7.62302944436516e+18
34087624976.9363;0.0848670322529685;7.70543518044928e+18
34087624977.1827;0.0938264946774128;7.79960687620299e+18
34087624977.427;0.103003382190616;7.90474136602986e+18
34087624977.6706;0.112833116573681;8.02276563274793e+18
34087624977.9099;0.123422220803046;8.151732205225e+18
34087624978.1434;0.134908093271181;8.2921155354731e+18
34087624978.3706;0.147524185963632;8.44385450651092e+18
34087624978.591;0.161590290600941;8.60756333936412e+18
34087624978.8042;0.177496488437616;8.78479471896607e+18
34087624979.0094;0.195657550171583;8.97774184389684e+18
34087624979.2058;0.216235044536343;9.18861508393901e+18
34087624979.3922;0.23909590997168;9.40819784214842e+18
34087624979.5676;0.265298485016221;9.62422177815896e+18
34087624979.7323;0.291792911581323;9.82333216906846e+18
34087624979.8885;0.314937745564604;9.9973009049488e+18
34087624980.0402;0.32418640736028;1.01433338091875e+19
34087624980.1958;0.291617679587063;1.02558466909005e+19
34087624980.364;0.264508479513445;1.03404848791684e+19
34087624980.5486;0.211755792654853;1.04160041266136e+19
34087624980.7435;0.204464521305463;1.04909646065211e+19
34087624980.9455;0.195236055871612;1.05660919402778e+19
34087624981.1538;0.178774961511734;1.06392927301346e+19
34087624981.369;0.158476184066292;1.07078144994815e+19
34087624981.5875;0.161095107543011;1.07721509866549e+19
34087624981.8087;0.159138832286258;1.08355920037676e+19
34087624982.0329;0.148205645697413;1.08981205142883e+19
34087624982.2608;0.135166169174969;1.09567745914393e+19
34087624982.4899;0.140773735213884;1.10104776507439e+19
34087624982.7198;0.141623114073795;1.10622399290843e+19
34087624982.9513;0.135386477891735;1.11133071900066e+19
34087624983.1845;0.127800525117895;1.11617207666297e+19
34087624983.4189;0.128597394731672;1.12059488317711e+19
34087624983.6536;0.131775281010407;1.12477774539824e+19
34087624983.8889;0.129321443371555;1.12890090868247e+19
34087624984.1252;0.124915372704579;1.13287942410712e+19
34087624984.3624;0.120756579589346;1.13652649328336e+19
34087624984.6;0.125173400816668;1.13992053095458e+19
34087624984.8375;0.125960326689169;1.14325444214076e+19
34087624985.0755;0.122898978619794;1.14531187846074e+19
34087624985.3153;0.115617175158529;1.13829175516294e+19
34087624985.5614;0.0998021007556645;1.11979665439877e+19
34087624985.8164;0.0833322607881319;1.08357086383485e+19
34087624986.0818;0.0655081420011499;1.03312353160418e+19
34087624986.3595;0.0427570805555974;9.68197313002818e+18
34087624986.653;0.0153827591872632;8.93082878451766e+18
34087624986.9684;-0.0260288908214432;8.10602756762107e+18
34087624987.3157;-0.0712490878274765;7.1788544346453e+18
34087624987.7195;-0.159463288429545;6.1308059459061e+18
34087624988.2343;-0.307762276037507;4.90142046073436e+18
34087624989.0741;-0.627026239868863;3.25800193418058e+18
34087624990.8045;-1.14858829685409;1.28387515695267e+18
34087624997.5069;-1.83049810666893;1.54991411752532e+17
34087625042.6742;-2.72143760059028;1.39905495682243e+16
34087625414.4081;-3.61881983165702;1.70362732741902e+15
34087628467.1263;-4.50153043378597;254812943113276
34087650263.3181;-5.2204623547138;52286259465751.9
34087741966.253;-5.79497321032733;17221664411273.9
34088057997.1196;-6.30103178184736;7084403996554.78
34088985771.2152;-6.74508036141605;3489797278272.67
34091460919.7838;-7.14452042475696;1993522884466.39
34097965175.3461;-7.55741286057862;1275652643350.38
34118388692.1171;-8.00797280067617;861926760458.706
34185976683.2228;-8.43602196013788;586067652541.502
34311230218.3423;-8.68690775916272;407725290536.861
34488797055.6796;-8.84929857421102;305948285817.432
34713848523.4378;-8.94168651962409;253682435974.739
34963630047.7661;-8.99160003347543;228556502087.432
35227839268.3528;-9.00080093198432;216515952311.037
35496778902.6045;-9.0011198101399;211396726718.902
35761754628.2988;-9.00127143034239;210010020135.52
36014962232.3045;-9.00133516933304;210614755538.61
36254637295.1434;-9.00135157955055;212391129954.498
36485205305.8348;-9.00134023552932;214780114955.199
36704970755.5927;-9.00131384338476;217604348045.98
36916948029.8895;-9.0012779917233;220738549752.1
37120576546.7201;-9.00123605610749;224062760027.043
37314741759.0093;-9.00119017820762;227569342511.193
37500840262.6674;-9.00114128887383;231247463604.765
37675348517.5026;-9.00109123950447;234950667030.053
37841682880.0666;-9.00103984652659;238761535416.471
37998860898.9811;-9.00098765212401;242713401590.866
38147086544.5726;-9.00093378168886;246913556290.405
38284598205.3066;-8.99760606929294;251279567647.068
38412026143.473;-8.96638589988869;255389882090.191
38530762084.8154;-8.94249357080135;258807302674.833
38644066239.0322;-8.92077807909215;261920242339.282
38751199088.9878;-8.87920895608377;266468886340.517
38846982161.8401;-8.77791201242504;275803440632.302
38919537233.2071;-8.56980884032462;296346763112.858
38958994652.7881;-8.17272205280788;348322193211.175
38971210328.3516;-7.50224317769162;537033853736.707
38973085936.5153;-6.2062123435442;2311834875001.76
38973193544.91;-5.05998516409512;23344011677428.6
38973202011.8605;-4.00579768171445;298700733741960
38973202731.4739;-2.98287452389556;3.34110645824318e+15
38973202801.4782;-2.03344948205516;3.31665693534462e+16
38973202810.8846;-1.37827733570022;1.64155232799208e+17
38973202814.2575;-1.02419301297675;3.59263594460614e+17
38973202816.3332;-0.839448010381085;5.79317847941959e+17
38973202817.84;-0.711976807230353;8.52236781907675e+17
38973202819.0032;-0.615646807971417;1.16167029843621e+18
38973202819.9683;-0.53904347352259;1.50085938752564e+18
38973202820.795;-0.476942677419478;1.8648910981243e+18
38973202821.5231;-0.426201025372874;2.25301158193799e+18
38973202822.1962;-0.382181652318461;2.65980802946735e+18
38973202822.8092;-0.346454673657086;3.04465145667097e+18
38973202823.3537;-0.316403037180827;3.39091229749497e+18
38973202823.8731;-0.290745608047548;3.71814394019668e+18
38973202824.3566;-0.268030837476629;4.03648479043949e+18
38973202824.8017;-0.249141172198564;4.34573194192158e+18
38973202825.2346;-0.231652604510634;4.66139610241122e+18
38973202825.6485;-0.215256446059784;4.98516428809864e+18
38973202826.0415;-0.20064684160579;5.31395148667462e+18
38973202826.4265;-0.186285077080443;5.65337575297607e+18
38973202826.7981;-0.172249316656583;6.00266053222146e+18
38973202827.1529;-0.159723784516406;6.35801798062979e+18
38973202827.4991;-0.147531938458234;6.72380808343117e+18
38973202827.8334;-0.135820311870978;7.09602242640084e+18
38973202828.1591;-0.12567189151228;7.45397748742612e+18
38973202828.4768;-0.116150690638882;7.73102702611902e+18
38973202828.7892;-0.109496873851779;7.93088166848916e+18
38973202829.0928;-0.0984466106172717;8.0530092810102e+18
38973202829.3919;-0.0871738976928715;8.10192808054429e+18
38973202829.6833;-0.0764132197266229;8.07947268655197e+18
38973202829.9721;-0.0682501025953328;8.01148735337008e+18
38973202830.2576;-0.0578325868682711;7.93314551772394e+18
38973202830.5374;-0.0492941482423004;7.85276730154551e+18
38973202830.8147;-0.0407600496473234;7.77283451530085e+18
38973202831.0881;-0.0337246767809646;7.70160442212765e+18
38973202831.361;-0.026336917865931;7.63701715920268e+18
38973202831.6323;-0.0182788495598883;7.57352956185745e+18
38973202831.898;-0.0125650165763473;7.51096200499035e+18
38973202832.1612;-0.00548305403056626;7.45617989285888e+18
38973202832.4235;0.00155191517970599;7.41267976700067e+18
38973202832.6843;0.0075830379296511;7.37914652600157e+18
38973202832.9424;0.0140910175775318;7.35455036121817e+18
38973202833.1994;0.0200373980719637;7.34030115359847e+18
38973202833.4543;0.0271891308557821;7.33855912502628e+18
38973202833.7073;0.0333874595473326;7.34928700235373e+18
38973202833.9588;0.0401902054288366;7.37060414140274e+18
38973202834.2116;0.0469683318223222;7.40125775600169e+18
38973202834.464;0.0537354821911938;7.4413308267456e+18
38973202834.7134;0.0609618435962591;7.49124481746851e+18
38973202834.9601;0.068757149776998;7.55149030273045e+18
38973202835.207;0.0768057586014486;7.62277187697009e+18
38973202835.4534;0.0848904566583828;7.70521899357138e+18
38973202835.6999;0.0938399149867082;7.79945271562179e+18
38973202835.9442;0.103003180411783;7.90455451667045e+18
38973202836.1877;0.112822365514694;8.02254957165346e+18
38973202836.4269;0.123403323866586;8.15149491929422e+18
38973202836.6605;0.13488353148502;8.29186271480408e+18
38973202836.8877;0.147495336715642;8.44358725794339e+18
38973202837.1081;0.1615598353549;8.60728020648086e+18
38973202837.3213;0.177466765084579;8.78449582529687e+18
38973202837.5265;0.19563298190691;8.97743458835146e+18
38973202837.7229;0.216223593601037;9.18831182109958e+18
38973202837.9093;0.239041479545887;9.4079003132668e+18
38973202838.0847;0.265253003612316;9.62393236548161e+18
38973202838.2494;0.291729481256213;9.82307251391448e+18
38973202838.4056;0.314878616018337;9.99710874263529e+18
38973202838.5573;0.324196578893379;1.01431808027758e+19
38973202838.7129;0.291868838880165;1.02557098477534e+19
38973202838.881;0.264596100966085;1.03403735180874e+19
38973202839.0656;0.211987997889751;1.0415881994167e+19
38973202839.2605;0.20441358789716;1.04908193343363e+19
38973202839.4625;0.195240155331651;1.05659265311225e+19
38973202839.6708;0.178897651040182;1.06391325981456e+19
38973202839.886;0.158381437772457;1.07076743344193e+19
38973202840.1044;0.161042257480008;1.07720000939366e+19
38973202840.3256;0.159137701069682;1.08354088437607e+19
38973202840.5498;0.14831776700775;1.08979192029037e+19
38973202840.7777;0.135069145857717;1.0956580255548e+19
38973202841.0068;0.14071751524816;1.10102793982865e+19
38973202841.2368;0.141612805664716;1.10620148945605e+19
38973202841.4682;0.135451585599183;1.11130597720136e+19
38973202841.7014;0.127829541978113;1.11614742372655e+19
38973202841.9359;0.128532894261705;1.12057060901622e+19
38973202842.1706;0.131749144240195;1.12475208814703e+19
38973202842.4059;0.12934403401867;1.12887335005154e+19
38973202842.6422;0.124931808737334;1.13285161607717e+19
38973202842.8793;0.120759297165725;1.13649873927122e+19
38973202843.1169;0.12513123695995;1.13989086781819e+19
38973202843.3544;0.125965407091296;1.14322186271753e+19
38973202843.5925;0.122905271721089;1.14528430862293e+19
38973202843.8323;0.115629495655431;1.13828239936994e+19
38973202844.0784;0.0997865400586116;1.11981278911997e+19
38973202844.3333;0.0834372802912369;1.08361835471886e+19
38973202844.5987;0.0655984203589064;1.03319599855674e+19
38973202844.8764;0.0428343974903972;9.68308528529379e+18
38973202845.1698;0.0154345459995097;8.9323050166219e+18
38973202845.4851;-0.0260921687941715;8.10795837263366e+18
38973202845.8322;-0.0709346900560381;7.18107953624078e+18
38973202846.2358;-0.159200540443358;6.13369262124975e+18
38973202846.75;-0.306772525188942;4.9054604209054e+18
38973202847.5879;-0.625498871976231;3.26406503369512e+18
38973202849.3124;-1.14630365149895;1.29042480453233e+18
38973202855.9771;-1.82786878508725;1.56288767069879e+17
38973202900.7884;-2.7188465017259;1.41021872943112e+16
38973203269.731;-3.61541654489216;1.71662635237162e+15
38973206298.0653;-4.49894184424821;256561594903681
38973227973.7561;-5.21785045224858;52514158768406.2
38973319216.0107;-5.79333370328869;17285190492884
38973634100.9607;-6.29920250232604;7102993085228.85
38974558790.2191;-6.74343632198769;3496941208128.37
38977024621.0555;-7.14309827064505;1997129282798.3
38983507841.6815;-7.5557253950305;1277375611358.41
39003830248.2931;-8.0060884297803;863147031210.169
39071203401.9968;-8.43488289104335;586852164547.957
39196227945.0922;-8.68614060563512;408243056811.793
39373595001.4553;-8.84885309656435;306228041939.592
39598510571.9587;-8.94142204821697;253817724880.873
39848205808.028;-8.99147748488308;228625237357.407
40112437901.4556;-9.00079990099543;216545172211.888
40381070660.3112;-9.00111933526204;211412343052.312
40646153089.1203;-9.00127153690018;210011682497.281
40899406354.9573;-9.00133554325414;210609853523.046
41136613297.1283;-9.00135193744688;212359488056.794
41367172399.9042;-9.00134089829898;214738014973.693
41587603819.3695;-9.00131461492821;217564775360.565
41797414984.3149;-9.00127929930932;220659428878.049
42000807338.3576;-9.00123757745237;223971526212.195
42195375700.1355;-9.00119174758202;227477750007.084
42380885872.7164;-9.0011431542201;231133422150.98
42556428488.4507;-9.00109291882414;234850865816.482
42722167018.0819;-9.00104181234504;238640801691.852
42879914367.9445;-9.00098956723084;242592711009.084
43028226643.2702;-9.00093583473338;246775712790.447
43165949769.1856;-8.99916179314358;251141555075.761
43293029623.9272;-8.9663856923492;255250869725.409
43411951842.1539;-8.94274146040387;258689842083.326
43525211453.4971;-8.92156606840193;261780464367.194
43632763277.1091;-8.8805736480749;266210353318.619
43729544820.2304;-8.78490911578497;275278751505.394
43803304970.0527;-8.58295348804631;295181394955.879
43844020678.6784;-8.19031831017814;345140910729.92
43856907754.626;-7.53897094576281;522606432476.278
43858950030.7538;-6.25478624222183;2139896520586.12
43859069583.9664;-5.10014649632502;21254858288736.5
43859078871.9046;-4.04467954210618;272118843870461
43859079659.4322;-3.02110098088014;3.05462856580906e+15
43859079735.6698;-2.06295871850433;3.07228764924326e+16
43859079745.6465;-1.39605593870491;1.57703700592854e+17
43859079749.0823;-1.03481955482983;3.51049307612662e+17
43859079751.1877;-0.845864572023137;5.68794076115252e+17
43859079752.7094;-0.717067847582874;8.38610823124452e+17
43859079753.8811;-0.619866637942332;1.14531968670409e+18
43859079754.8539;-0.542546168405349;1.48321549046285e+18
43859079755.6894;-0.479984377589725;1.84727593395677e+18
43859079756.4221;-0.428333372623513;2.23435274643616e+18
43859079757.0914;-0.384869465765141;2.63761270172167e+18
43859079757.705;-0.347926375624719;3.02196018971987e+18
43859079758.2526;-0.318204169814098;3.36962420903929e+18
43859079758.7818;-0.291796777511003;3.70284064339093e+18
43859079759.2604;-0.269120994479839;4.01668457663029e+18
43859079759.7063;-0.24993187594217;4.32476282653643e+18
43859079760.1391;-0.232583255598204;4.63953910358506e+18
43859079760.5517;-0.216386873360507;4.9614215342077e+18
43859079760.9495;-0.201855665603757;5.29220530766753e+18
43859079761.3353;-0.187344900026884;5.63071171892823e+18
43859079761.7041;-0.172834528161298;5.97613515898888e+18
43859079762.061;-0.160216755336529;6.33226036549508e+18
43859079762.407;-0.14765524456084;6.69601254799152e+18
43859079762.7421;-0.136770354369902;7.06790475356536e+18
43859079763.0683;-0.126847014915527;7.4292110921656e+18
43859079763.386;-0.117255628324115;7.71199787381246e+18
43859079763.6993;-0.109489810697832;7.91699933559863e+18
43859079764.0041;-0.0989210153947968;8.04609074718972e+18
43859079764.3043;-0.087430497407649;8.09874448022862e+18
43859079764.5947;-0.0776860853631655;8.08082113263498e+18
43859079764.8827;-0.0688869242277731;8.01579364827838e+18
43859079765.1668;-0.0582434920030043;7.93851133206663e+18
43859079765.4473;-0.0502708430253707;7.85720408462325e+18
43859079765.7252;-0.0414694523213595;7.77707012210254e+18
43859079766.0004;-0.034060630813184;7.70577115536244e+18
43859079766.2719;-0.0266918201465072;7.64122447000637e+18
43859079766.5418;-0.0189475199826847;7.57703554403916e+18
43859079766.8082;-0.0129613648789567;7.51398150189518e+18
43859079767.0724;-0.00655307114987311;7.45937528201814e+18
43859079767.3338;0.00111532980498962;7.41562168096471e+18
43859079767.5939;0.0061984853930631;7.38071786089101e+18
43859079767.8519;0.0135054431298615;7.35460734380678e+18
43859079768.1092;0.0199901727625443;7.33973382391131e+18
43859079768.3647;0.026408063096322;7.33783944894755e+18
43859079768.6181;0.0327881005583987;7.34795140441788e+18
43859079768.8697;0.0397299031662885;7.36794039090188e+18
43859079769.1231;0.0458566324260666;7.39713765663682e+18
43859079769.375;0.0533286844488668;7.4359094475027e+18
43859079769.6243;0.0603760389083541;7.48493833655026e+18
43859079769.8715;0.0682105066582745;7.54485532117179e+18
43859079770.1187;0.0758555817386011;7.6158603409883e+18
43859079770.3648;0.0843020973768976;7.69763555548183e+18
43859079770.6104;0.0926804456856483;7.79060657990429e+18
43859079770.8547;0.101375548580645;7.8944101911982e+18
43859079771.0988;0.111363023628246;8.0112517681716e+18
43859079771.3387;0.122185385585218;8.13912661156708e+18
43859079771.5728;0.133765641838512;8.27826226346408e+18
43859079771.8006;0.146246926394702;8.4287146039257e+18
43859079772.0217;0.159737061191526;8.59079336727502e+18
43859079772.2356;0.17507083101443;8.76644484024076e+18
43859079772.4416;0.193104098186172;8.95795848570824e+18
43859079772.6388;0.213594791392695;9.16784841125611e+18
43859079772.8261;0.238261113174514;9.38731294948105e+18
43859079773.0025;0.266130366305164;9.60388799616739e+18
43859079773.1682;0.290389801178707;9.80438289479003e+18
43859079773.3251;0.310418910992406;9.98186844507325e+18
43859079773.4772;0.322730012413876;1.01311199828722e+19
43859079773.6315;0.302434642848909;1.0245538150732e+19
43859079773.7989;0.267348528817907;1.03320379019416e+19
43859079773.9814;0.225104426698878;1.04078869089935e+19
43859079774.1761;0.20109763844551;1.04824354294215e+19
43859079774.3778;0.194489648247928;1.05570010972378e+19
43859079774.5854;0.183684195713494;1.06308812037359e+19
43859079774.7994;0.160300685481079;1.07013313321276e+19
43859079775.0182;0.157574600616155;1.07663723691669e+19
43859079775.2394;0.158326535603915;1.08288690463203e+19
43859079775.4631;0.153083846571619;1.0890848477653e+19
43859079775.6901;0.137427401117964;1.0950630777924e+19
43859079775.9196;0.137103378880858;1.10054251230626e+19
43859079776.1497;0.140521180811154;1.10567068895993e+19
43859079776.3809;0.138376366994896;1.11070945044975e+19
